Отметка времени,Пол:,Ваш возраст:,К какой социальной группе Вы себя относите?,Я часто курю,Я часто употребляю алкоголь,Я часто играю в компьютерные игры ,У меня есть пищевая зависимость,Я зависим(-а) от интернета,У меня много зависимостей ,"Когда я играю за компьютером, то теряю чувство времени",Я считаю алкоголь лучшим способом справиться со стрессом,"Я продолжаю есть, даже если испытываю чувство сытости",Для меня самый простой и лучший способ расслабиться - это курение,Я сильно раздражаюсь из-за отсутствия интернета,Мне тяжело бороться со своими вредными привычками ,Я провожу за телефоном больше 5 часов в день,"На любом мероприятии (праздник, встреча с друзьями и т.д.) должен быть алкоголь","Я часто заедаю стресс, скуку","Компьютерные игры более интересны, чем реальная жизнь",Я ежедневно курю,Глупо пытаться показать свою силу воли и отказываться от различных радостей жизни,Укажите свой возраст:
11.05.2023 23:31:36,Женский,До 20 лет,Студент,Не согласен(-а),Не согласен(-а),Полностью не согласен(-а),Не согласен(-а),Согласен(-а),Не согласен(-а),Не согласен(-а),Не уверен(-а),Не согласен(-а),Не согласен(-а),Не уверен(-а),Не уверен(-а),Полностью согласен(-а),Не уверен(-а),Согласен(-а),Полностью не согласен(-а),Полностью не согласен(-а),Не согласен(-а),
11.05.2023 23:32:06,Женский,21-35 лет,Студент,Не согласен(-а),Не согласен(-а),Согласен(-а),Не согласен(-а),Не уверен(-а),Не уверен(-а),Согласен(-а),Не согласен(-а),Не согласен(-а),Полностью не согласен(-а),Не уверен(-а),Согласен(-а),Согласен(-а),Не согласен(-а),Не согласен(-а),Не согласен(-а),Полностью не согласен(-а),Не согласен(-а),
12.05.2023 0:06:20,Женский,21-35 лет,Студент,Полностью не согласен(-а),Полностью не согласен(-а),Не согласен(-а),Не уверен(-а),Согласен(-а),Не уверен(-а),Не согласен(-а),Не согласен(-а),Согласен(-а),Полностью не согласен(-а),Согласен(-а),Согласен(-а),Не уверен(-а),Не уверен(-а),Согласен(-а),Не согласен(-а),Полностью не согласен(-а),Не согласен(-а),
14.05.2023 19:20:16,Мужской,,Студент,Полностью согласен(-а),Полностью согласен(-а),Полностью не согласен(-а),Нейтрально,Согласен(-а),Не согласен(-а),Нейтрально,Не согласен(-а),Нейтрально,Нейтрально,Нейтрально,Полностью не согласен(-а),Нейтрально,Согласен(-а),Не согласен(-а),Полностью не согласен(-а),Полностью согласен(-а),Нейтрально,20
14.05.2023 19:20:16,Женский,,Студент,Полностью не согласен(-а),Не согласен(-а),Полностью не согласен(-а),Не согласен(-а),Согласен(-а),Не согласен(-а),Согласен(-а),Полностью не согласен(-а),Полностью не согласен(-а),Полностью не согласен(-а),Согласен(-а),Не согласен(-а),Согласен(-а),Нейтрально,Не согласен(-а),Полностью не согласен(-а),Полностью не согласен(-а),Не согласен(-а),18
14.05.2023 19:24:19,Женский,,Студент,Нейтрально,Согласен(-а),Полностью не согласен(-а),Не согласен(-а),Нейтрально,Не согласен(-а),Полностью не согласен(-а),Согласен(-а),Полностью не согласен(-а),Согласен(-а),Не согласен(-а),Не согласен(-а),Полностью согласен(-а),Не согласен(-а),Полностью не согласен(-а),Полностью не согласен(-а),Не согласен(-а),Согласен(-а),19
14.05.2023 19:31:30,Женский,,Студент,Не согласен(-а),Не согласен(-а),Согласен(-а),Не согласен(-а),Полностью согласен(-а),Не согласен(-а),Согласен(-а),Не согласен(-а),Не согласен(-а),Не согласен(-а),Согласен(-а),Не согласен(-а),Согласен(-а),Нейтрально,Не согласен(-а),Не согласен(-а),Не согласен(-а),Не согласен(-а),18
14.05.2023 19:33:01,Женский,,Студент,Полностью не согласен(-а),Не согласен(-а),Согласен(-а),Нейтрально,Согласен(-а),Согласен(-а),Нейтрально,Полностью не согласен(-а),Нейтрально,Полностью не согласен(-а),Нейтрально,Не согласен(-а),Согласен(-а),Не согласен(-а),Не согласен(-а),Согласен(-а),Полностью не согласен(-а),Не согласен(-а),18
14.05.2023 19:53:36,Мужской,,Студент,Полностью не согласен(-а),Полностью не согласен(-а),Полностью согласен(-а),Согласен(-а),Согласен(-а),Нейтрально,Не согласен(-а),Нейтрально,Нейтрально,Не согласен(-а),Не согласен(-а),Не согласен(-а),Полностью согласен(-а),Нейтрально,Полностью не согласен(-а),Не согласен(-а),Полностью не согласен(-а),Полностью согласен(-а),18
14.05.2023 19:55:35,Женский,,Студент,Полностью согласен(-а),Нейтрально,Не согласен(-а),Согласен(-а),Нейтрально,Нейтрально,Согласен(-а),Согласен(-а),Согласен(-а),Согласен(-а),Нейтрально,Согласен(-а),Нейтрально,Нейтрально,Согласен(-а),Не согласен(-а),Полностью не согласен(-а),Согласен(-а),19
14.05.2023 20:09:49,Женский,,Студент,Полностью не согласен(-а),Не согласен(-а),Полностью не согласен(-а),Согласен(-а),Согласен(-а),Нейтрально,Согласен(-а),Полностью не согласен(-а),Нейтрально,Полностью не согласен(-а),Нейтрально,Согласен(-а),Согласен(-а),Полностью не согласен(-а),Согласен(-а),Полностью не согласен(-а),Полностью не согласен(-а),Полностью не согласен(-а),18
14.05.2023 20:12:09,Мужской,,Студент,Полностью не согласен(-а),Не согласен(-а),Нейтрально,Полностью согласен(-а),Полностью согласен(-а),Нейтрально,Согласен(-а),Не согласен(-а),Нейтрально,Полностью не согласен(-а),Полностью согласен(-а),Полностью согласен(-а),Полностью согласен(-а),Согласен(-а),Согласен(-а),Нейтрально,Полностью не согласен(-а),Нейтрально,18
14.05.2023 20:20:34,Женский,,Студент,Согласен(-а),Не согласен(-а),Полностью не согласен(-а),Нейтрально,Согласен(-а),Не согласен(-а),Полностью не согласен(-а),Полностью не согласен(-а),Нейтрально,Согласен(-а),Не согласен(-а),Согласен(-а),Согласен(-а),Не согласен(-а),Согласен(-а),Полностью не согласен(-а),Полностью согласен(-а),Нейтрально,21
14.05.2023 20:25:20,Женский,,Студент,Полностью не согласен(-а),Не согласен(-а),Полностью не согласен(-а),Полностью согласен(-а),Полностью согласен(-а),Нейтрально,Не согласен(-а),Не согласен(-а),Полностью согласен(-а),Полностью не согласен(-а),Нейтрально,Полностью согласен(-а),Полностью согласен(-а),Не согласен(-а),Полностью согласен(-а),Полностью не согласен(-а),Полностью не согласен(-а),Не согласен(-а),18
14.05.2023 20:25:55,Женский,,Студент,Полностью согласен(-а),Согласен(-а),Полностью не согласен(-а),Не согласен(-а),Полностью согласен(-а),Нейтрально,Полностью не согласен(-а),Нейтрально,Не согласен(-а),Не согласен(-а),Полностью согласен(-а),Полностью согласен(-а),Полностью согласен(-а),Полностью согласен(-а),Не согласен(-а),Полностью не согласен(-а),Полностью согласен(-а),Полностью согласен(-а),20
14.05.2023 20:29:55,Мужской,,Студент,Полностью согласен(-а),Согласен(-а),Полностью согласен(-а),Согласен(-а),Полностью согласен(-а),Полностью согласен(-а),Полностью согласен(-а),Не согласен(-а),Полностью согласен(-а),Согласен(-а),Полностью согласен(-а),Полностью согласен(-а),Не согласен(-а),Полностью согласен(-а),Нейтрально,Не согласен(-а),Полностью согласен(-а),Полностью согласен(-а),20
14.05.2023 20:47:15,Мужской,,Студент,Полностью не согласен(-а),Не согласен(-а),Согласен(-а),Согласен(-а),Полностью согласен(-а),Согласен(-а),Согласен(-а),Не согласен(-а),Согласен(-а),Полностью не согласен(-а),Согласен(-а),Согласен(-а),Полностью не согласен(-а),Полностью не согласен(-а),Согласен(-а),Согласен(-а),Полностью не согласен(-а),Не согласен(-а),24
14.05.2023 21:09:05,Женский,,Студент,Полностью согласен(-а),Полностью не согласен(-а),Полностью согласен(-а),Полностью согласен(-а),Полностью согласен(-а),Полностью согласен(-а),Полностью согласен(-а),Полностью не согласен(-а),Полностью согласен(-а),Полностью согласен(-а),Нейтрально,Согласен(-а),Полностью согласен(-а),Нейтрально,Полностью согласен(-а),Согласен(-а),Полностью согласен(-а),Не согласен(-а),18
14.05.2023 21:22:40,Мужской,,Студент,Полностью согласен(-а),Нейтрально,Согласен(-а),Не согласен(-а),Нейтрально,Согласен(-а),Не согласен(-а),Не согласен(-а),Не согласен(-а),Согласен(-а),Не согласен(-а),Нейтрально,Нейтрально,Нейтрально,Не согласен(-а),Не согласен(-а),Согласен(-а),Не согласен(-а),18
14.05.2023 21:45:37,Мужской,,Студент,Согласен(-а),Нейтрально,Согласен(-а),Нейтрально,Согласен(-а),Нейтрально,Согласен(-а),Не согласен(-а),Не согласен(-а),Согласен(-а),Согласен(-а),Согласен(-а),Полностью согласен(-а),Полностью согласен(-а),Нейтрально,Полностью не согласен(-а),Нейтрально,Согласен(-а),19
14.05.2023 22:32:21,Женский,,Студент,Согласен(-а),Не согласен(-а),Полностью не согласен(-а),Согласен(-а),Согласен(-а),Нейтрально,Полностью не согласен(-а),Полностью не согласен(-а),Согласен(-а),Не согласен(-а),Нейтрально,Согласен(-а),Согласен(-а),Полностью не согласен(-а),Полностью не согласен(-а),Согласен(-а),Не согласен(-а),Согласен(-а),21
14.05.2023 22:52:52,Женский,,Работник,Полностью не согласен(-а),Полностью не согласен(-а),Полностью не согласен(-а),Полностью не согласен(-а),Согласен(-а),Не согласен(-а),Нейтрально,Не согласен(-а),Не согласен(-а),Полностью не согласен(-а),Не согласен(-а),Не согласен(-а),Нейтрально,Не согласен(-а),Нейтрально,Не согласен(-а),Полностью не согласен(-а),Не согласен(-а),48
14.05.2023 23:07:23,Женский,,Безработный,Полностью не согласен(-а),Полностью не согласен(-а),Полностью не согласен(-а),Полностью не согласен(-а),Нейтрально,Не согласен(-а),Не согласен(-а),Полностью не согласен(-а),Полностью не согласен(-а),Полностью не согласен(-а),Не согласен(-а),Полностью не согласен(-а),Не согласен(-а),Не согласен(-а),Не согласен(-а),Полностью не согласен(-а),Полностью не согласен(-а),Нейтрально,38
14.05.2023 23:14:27,Мужской,,Работник,Полностью не согласен(-а),Не согласен(-а),Не согласен(-а),Согласен(-а),Нейтрально,Не согласен(-а),Нейтрально,Не согласен(-а),Нейтрально,Полностью не согласен(-а),Не согласен(-а),Согласен(-а),Не согласен(-а),Нейтрально,Не согласен(-а),Полностью не согласен(-а),Полностью не согласен(-а),Согласен(-а),50
14.05.2023 23:21:57,Мужской,,Безработный,Полностью не согласен(-а),Не согласен(-а),Полностью не согласен(-а),Не согласен(-а),Согласен(-а),Не согласен(-а),Полностью не согласен(-а),Полностью не согласен(-а),Не согласен(-а),Полностью не согласен(-а),Согласен(-а),Полностью не согласен(-а),Полностью согласен(-а),Полностью не согласен(-а),Нейтрально,Согласен(-а),Полностью не согласен(-а),Полностью не согласен(-а),28
14.05.2023 23:47:29,Женский,,Работник,Полностью не согласен(-а),Полностью не согласен(-а),Полностью не согласен(-а),Согласен(-а),Полностью не согласен(-а),Полностью не согласен(-а),Полностью не согласен(-а),Полностью не согласен(-а),Не согласен(-а),Полностью не согласен(-а),Полностью не согласен(-а),Полностью не согласен(-а),Нейтрально,Полностью не согласен(-а),Полностью не согласен(-а),Полностью не согласен(-а),Полностью не согласен(-а),Полностью не согласен(-а),20
14.05.2023 23:56:28,Женский,,Студент,Согласен(-а),Нейтрально,Не согласен(-а),Полностью не согласен(-а),Согласен(-а),Согласен(-а),Нейтрально,Полностью не согласен(-а),Нейтрально,Не согласен(-а),Согласен(-а),Согласен(-а),Полностью согласен(-а),Не согласен(-а),Не согласен(-а),Не согласен(-а),Согласен(-а),Полностью не согласен(-а),19
15.05.2023 0:39:15,Мужской,,Работник,Нейтрально,Нейтрально,Не согласен(-а),Нейтрально,Не согласен(-а),Не согласен(-а),Не согласен(-а),Полностью не согласен(-а),Не согласен(-а),Не согласен(-а),Полностью не согласен(-а),Согласен(-а),Не согласен(-а),Не согласен(-а),Не согласен(-а),Не согласен(-а),Нейтрально,Не согласен(-а),57
15.05.2023 0:41:43,Мужской,,Работник,Нейтрально,Нейтрально,Не согласен(-а),Не согласен(-а),Не согласен(-а),Не согласен(-а),Полностью не согласен(-а),Полностью не согласен(-а),Не согласен(-а),Не согласен(-а),Не согласен(-а),Не согласен(-а),Не согласен(-а),Не согласен(-а),Не согласен(-а),Полностью не согласен(-а),Нейтрально,Не согласен(-а),57
15.05.2023 1:05:28,Женский,,Студент,Полностью не согласен(-а),Полностью не согласен(-а),Полностью не согласен(-а),Согласен(-а),Нейтрально,Не согласен(-а),Полностью согласен(-а),Полностью не согласен(-а),Согласен(-а),Полностью не согласен(-а),Не согласен(-а),Нейтрально,Согласен(-а),Полностью не согласен(-а),Нейтрально,Полностью не согласен(-а),Полностью не согласен(-а),Полностью не согласен(-а),22
15.05.2023 2:07:01,Мужской,,Работник,Полностью не согласен(-а),Полностью не согласен(-а),Полностью не согласен(-а),Нейтрально,Нейтрально,Не согласен(-а),Согласен(-а),Не согласен(-а),Не согласен(-а),Полностью не согласен(-а),Согласен(-а),Нейтрально,Нейтрально,Полностью не согласен(-а),Не согласен(-а),Не согласен(-а),Полностью не согласен(-а),Не согласен(-а),25
15.05.2023 5:54:18,Женский,,Работник,Полностью не согласен(-а),Полностью не согласен(-а),Нейтрально,Не согласен(-а),Не согласен(-а),Не согласен(-а),Не согласен(-а),Не согласен(-а),Не согласен(-а),Полностью не согласен(-а),Не согласен(-а),Не согласен(-а),Не согласен(-а),Не согласен(-а),Нейтрально,Полностью не согласен(-а),Полностью не согласен(-а),Согласен(-а),48
15.05.2023 6:39:28,Женский,,Работник,Полностью не согласен(-а),Не согласен(-а),Полностью не согласен(-а),Не согласен(-а),Не согласен(-а),Не согласен(-а),Полностью не согласен(-а),Не согласен(-а),Не согласен(-а),Полностью не согласен(-а),Полностью не согласен(-а),Полностью не согласен(-а),Полностью не согласен(-а),Не согласен(-а),Не согласен(-а),Полностью не согласен(-а),Полностью не согласен(-а),Не согласен(-а),42
15.05.2023 6:50:35,Женский,,Работник,Полностью не согласен(-а),Нейтрально,Полностью не согласен(-а),Согласен(-а),Нейтрально,Нейтрально,Полностью не согласен(-а),Полностью не согласен(-а),Нейтрально,Полностью не согласен(-а),Полностью не согласен(-а),Нейтрально,Не согласен(-а),Нейтрально,Согласен(-а),Полностью не согласен(-а),Полностью не согласен(-а),Нейтрально,48
15.05.2023 6:50:46,Мужской,,Работник,Не согласен(-а),Не согласен(-а),Полностью не согласен(-а),Полностью не согласен(-а),Не согласен(-а),Не согласен(-а),Полностью не согласен(-а),Согласен(-а),Не согласен(-а),Не согласен(-а),Нейтрально,Нейтрально,Полностью не согласен(-а),Согласен(-а),Полностью не согласен(-а),Полностью не согласен(-а),Не согласен(-а),Нейтрально,47
15.05.2023 6:56:15,Женский,,Работник,Согласен(-а),Полностью не согласен(-а),Полностью не согласен(-а),Согласен(-а),Полностью согласен(-а),Нейтрально,Полностью не согласен(-а),Полностью не согласен(-а),Не согласен(-а),Нейтрально,Полностью согласен(-а),Нейтрально,Полностью согласен(-а),Полностью не согласен(-а),Согласен(-а),Полностью не согласен(-а),Согласен(-а),Полностью не согласен(-а),24
15.05.2023 7:14:33,Женский,,Работник,Не согласен(-а),Не согласен(-а),Не согласен(-а),Нейтрально,Нейтрально,Не согласен(-а),Согласен(-а),Полностью не согласен(-а),Не согласен(-а),Полностью не согласен(-а),Не согласен(-а),Согласен(-а),Не согласен(-а),Нейтрально,Не согласен(-а),Полностью не согласен(-а),Не согласен(-а),Согласен(-а),48
15.05.2023 7:40:25,Женский,,Безработный,Полностью согласен(-а),Полностью согласен(-а),Полностью согласен(-а),Полностью согласен(-а),Нейтрально,Полностью согласен(-а),Полностью согласен(-а),Полностью согласен(-а),Нейтрально,Полностью согласен(-а),Полностью согласен(-а),Полностью согласен(-а),Полностью согласен(-а),Полностью согласен(-а),Полностью согласен(-а),Полностью согласен(-а),Полностью согласен(-а),Полностью согласен(-а),47
15.05.2023 8:28:48,Мужской,,Работник,Полностью не согласен(-а),Не согласен(-а),Не согласен(-а),Не согласен(-а),Полностью не согласен(-а),Не согласен(-а),Не согласен(-а),Полностью не согласен(-а),Полностью не согласен(-а),Полностью не согласен(-а),Полностью не согласен(-а),Не согласен(-а),Полностью не согласен(-а),Нейтрально,Полностью не согласен(-а),Полностью не согласен(-а),Полностью не согласен(-а),Полностью не согласен(-а),47
15.05.2023 8:32:29,Женский,,Работник,Не согласен(-а),Нейтрально,Не согласен(-а),Нейтрально,Согласен(-а),Не согласен(-а),Не согласен(-а),Не согласен(-а),Не согласен(-а),Не согласен(-а),Нейтрально,Не согласен(-а),Не согласен(-а),Нейтрально,Полностью не согласен(-а),Полностью не согласен(-а),Полностью не согласен(-а),Согласен(-а),48 лет
15.05.2023 8:38:11,Женский,,Работник,Не согласен(-а),Не согласен(-а),Не согласен(-а),Нейтрально,Полностью не согласен(-а),Не согласен(-а),Не согласен(-а),Нейтрально,Нейтрально,Полностью не согласен(-а),Полностью не согласен(-а),Не согласен(-а),Полностью не согласен(-а),Согласен(-а),Не согласен(-а),Полностью не согласен(-а),Нейтрально,Нейтрально,47
15.05.2023 9:00:12,Женский,,Работник,Полностью не согласен(-а),Не согласен(-а),Полностью не согласен(-а),Полностью не согласен(-а),Не согласен(-а),Нейтрально,Полностью не согласен(-а),Полностью не согласен(-а),Согласен(-а),Полностью не согласен(-а),Полностью не согласен(-а),Согласен(-а),Полностью не согласен(-а),Согласен(-а),Не согласен(-а),Полностью не согласен(-а),Полностью не согласен(-а),Полностью согласен(-а),47 лет
15.05.2023 9:00:25,Женский,,Работник,Полностью не согласен(-а),Не согласен(-а),Полностью не согласен(-а),Нейтрально,Согласен(-а),Нейтрально,Полностью не согласен(-а),Полностью не согласен(-а),Нейтрально,Полностью не согласен(-а),Нейтрально,Нейтрально,Нейтрально,Не согласен(-а),Не согласен(-а),Полностью не согласен(-а),Полностью не согласен(-а),Не согласен(-а),32
15.05.2023 9:00:25,Женский,,Работник,Полностью не согласен(-а),Полностью не согласен(-а),Полностью не согласен(-а),Не согласен(-а),Полностью не согласен(-а),Не согласен(-а),Не согласен(-а),Полностью не согласен(-а),Не согласен(-а),Полностью не согласен(-а),Полностью не согласен(-а),Полностью не согласен(-а),Полностью не согласен(-а),Не согласен(-а),Нейтрально,Полностью не согласен(-а),Полностью не согласен(-а),Полностью не согласен(-а),44
15.05.2023 9:09:11,Женский,,Работник,Полностью не согласен(-а),Полностью не согласен(-а),Полностью не согласен(-а),Не согласен(-а),Согласен(-а),Не согласен(-а),Согласен(-а),Полностью не согласен(-а),Не согласен(-а),Полностью не согласен(-а),Не согласен(-а),Не согласен(-а),Полностью не согласен(-а),Полностью не согласен(-а),Не согласен(-а),Полностью не согласен(-а),Полностью не согласен(-а),Не согласен(-а),40
15.05.2023 9:17:31,Женский,,Работник,Не согласен(-а),Нейтрально,Не согласен(-а),Нейтрально,Не согласен(-а),Нейтрально,Не согласен(-а),Нейтрально,Не согласен(-а),Не согласен(-а),Не согласен(-а),Не согласен(-а),Нейтрально,Нейтрально,Не согласен(-а),Не согласен(-а),Не согласен(-а),Нейтрально,53
15.05.2023 10:28:41,Мужской,,Работник,Согласен(-а),Согласен(-а),Согласен(-а),Нейтрально,Согласен(-а),Нейтрально,Согласен(-а),Нейтрально,Полностью не согласен(-а),Нейтрально,Нейтрально,Согласен(-а),Нейтрально,Согласен(-а),Полностью не согласен(-а),Нейтрально,Полностью согласен(-а),Нейтрально,47
15.05.2023 10:32:57,Мужской,,Работник,Согласен(-а),Нейтрально,Не согласен(-а),Согласен(-а),Полностью согласен(-а),Полностью согласен(-а),Полностью не согласен(-а),Полностью не согласен(-а),Согласен(-а),Нейтрально,Нейтрально,Согласен(-а),Нейтрально,Согласен(-а),Не согласен(-а),Полностью не согласен(-а),Полностью согласен(-а),Не согласен(-а),37
15.05.2023 10:34:56,Мужской,,Работник,Полностью не согласен(-а),Не согласен(-а),Нейтрально,Не согласен(-а),Не согласен(-а),Не согласен(-а),Не согласен(-а),Полностью не согласен(-а),Полностью не согласен(-а),Полностью не согласен(-а),Полностью не согласен(-а),Не согласен(-а),Не согласен(-а),Полностью не согласен(-а),Не согласен(-а),Не согласен(-а),Полностью не согласен(-а),Нейтрально,45
15.05.2023 10:40:30,Мужской,,Школьник,Не согласен(-а),Не согласен(-а),Согласен(-а),Нейтрально,Полностью согласен(-а),Согласен(-а),Нейтрально,Согласен(-а),Не согласен(-а),Не согласен(-а),Не согласен(-а),Согласен(-а),Не согласен(-а),Нейтрально,Нейтрально,Согласен(-а),Полностью не согласен(-а),Согласен(-а),11
15.05.2023 10:42:18,Мужской,,Работник,Полностью не согласен(-а),Не согласен(-а),Полностью не согласен(-а),Полностью не согласен(-а),Не согласен(-а),Полностью не согласен(-а),Полностью не согласен(-а),Полностью не согласен(-а),Полностью не согласен(-а),Полностью не согласен(-а),Полностью не согласен(-а),Не согласен(-а),Не согласен(-а),Не согласен(-а),Полностью не согласен(-а),Полностью не согласен(-а),Полностью не согласен(-а),Не согласен(-а),44
15.05.2023 10:46:29,Мужской,,Школьник,Не согласен(-а),Не согласен(-а),Полностью согласен(-а),Не согласен(-а),Нейтрально,Не согласен(-а),Не согласен(-а),Не согласен(-а),Не согласен(-а),Не согласен(-а),Нейтрально,Не согласен(-а),Согласен(-а),Не согласен(-а),Не согласен(-а),Не согласен(-а),Не согласен(-а),Нейтрально,12
15.05.2023 10:47:43,Мужской,,Школьник,Полностью не согласен(-а),Полностью не согласен(-а),Нейтрально,Нейтрально,Нейтрально,Согласен(-а),Нейтрально,Полностью не согласен(-а),Не согласен(-а),Полностью не согласен(-а),Не согласен(-а),Нейтрально,Не согласен(-а),Полностью не согласен(-а),Нейтрально,Не согласен(-а),Полностью не согласен(-а),Не согласен(-а),14
15.05.2023 10:48:58,Мужской,,Работник,Согласен(-а),Нейтрально,Нейтрально,Не согласен(-а),Нейтрально,Нейтрально,Не согласен(-а),Не согласен(-а),Не согласен(-а),Нейтрально,Согласен(-а),Согласен(-а),Не согласен(-а),Согласен(-а),Не согласен(-а),Не согласен(-а),Согласен(-а),Нейтрально,42
15.05.2023 10:53:16,Мужской,,Школьник,Не согласен(-а),Не согласен(-а),Согласен(-а),Нейтрально,Нейтрально,Не согласен(-а),Не согласен(-а),Полностью не согласен(-а),Не согласен(-а),Полностью не согласен(-а),Не согласен(-а),Согласен(-а),Согласен(-а),Полностью не согласен(-а),Нейтрально,Нейтрально,Не согласен(-а),Нейтрально,12
15.05.2023 10:56:39,Мужской,,Работник,Нейтрально,Нейтрально,Согласен(-а),Нейтрально,Согласен(-а),Полностью не согласен(-а),Не согласен(-а),Полностью не согласен(-а),Полностью не согласен(-а),Полностью не согласен(-а),Полностью не согласен(-а),Полностью не согласен(-а),Нейтрально,Нейтрально,Полностью не согласен(-а),Полностью не согласен(-а),Полностью не согласен(-а),Полностью не согласен(-а),45
15.05.2023 11:02:37,Женский,,Работник,Полностью не согласен(-а),Нейтрально,Нейтрально,Нейтрально,Полностью не согласен(-а),Полностью не согласен(-а),Не согласен(-а),Полностью не согласен(-а),Не согласен(-а),Полностью не согласен(-а),Полностью не согласен(-а),Нейтрально,Полностью не согласен(-а),Полностью не согласен(-а),Не согласен(-а),Полностью не согласен(-а),Полностью не согласен(-а),Не согласен(-а),47
15.05.2023 11:04:49,Женский,,Работник,Полностью не согласен(-а),Полностью не согласен(-а),Полностью не согласен(-а),Нейтрально,Нейтрально,Не согласен(-а),Полностью не согласен(-а),Полностью не согласен(-а),Полностью не согласен(-а),Полностью не согласен(-а),Не согласен(-а),Полностью не согласен(-а),Нейтрально,Не согласен(-а),Не согласен(-а),Полностью не согласен(-а),Полностью не согласен(-а),Полностью не согласен(-а),20
15.05.2023 11:08:11,Женский,,Пенсионер,Нейтрально,Нейтрально,Не согласен(-а),Согласен(-а),Нейтрально,Не согласен(-а),Не согласен(-а),Не согласен(-а),Согласен(-а),Не согласен(-а),Нейтрально,Согласен(-а),Не согласен(-а),Нейтрально,Не согласен(-а),Не согласен(-а),Полностью не согласен(-а),Согласен(-а),59
15.05.2023 11:15:11,Женский,,Работник,Полностью не согласен(-а),Полностью не согласен(-а),Полностью не согласен(-а),Нейтрально,Не согласен(-а),Не согласен(-а),Полностью не согласен(-а),Не согласен(-а),Нейтрально,Полностью не согласен(-а),Не согласен(-а),Нейтрально,Не согласен(-а),Нейтрально,Не согласен(-а),Полностью не согласен(-а),Полностью не согласен(-а),Не согласен(-а),53
15.05.2023 11:20:18,Женский,,Пенсионер,Полностью не согласен(-а),Полностью не согласен(-а),Полностью не согласен(-а),Нейтрально,Не согласен(-а),Не согласен(-а),Полностью не согласен(-а),Не согласен(-а),Нейтрально,Полностью не согласен(-а),Полностью не согласен(-а),Не согласен(-а),Полностью не согласен(-а),Нейтрально,Не согласен(-а),Полностью не согласен(-а),Полностью не согласен(-а),Не согласен(-а),70
15.05.2023 11:22:32,Женский,,Школьник,Полностью согласен(-а),Не согласен(-а),Полностью не согласен(-а),Не согласен(-а),Полностью согласен(-а),Не согласен(-а),Нейтрально,Согласен(-а),Не согласен(-а),Нейтрально,Согласен(-а),Согласен(-а),Нейтрально,Не согласен(-а),Нейтрально,Полностью не согласен(-а),Полностью согласен(-а),Нейтрально,17
15.05.2023 11:23:35,Мужской,,Пенсионер,Полностью согласен(-а),Нейтрально,Полностью не согласен(-а),Полностью не согласен(-а),Не согласен(-а),Нейтрально,Полностью не согласен(-а),Не согласен(-а),Не согласен(-а),Не согласен(-а),Нейтрально,Полностью согласен(-а),Нейтрально,Согласен(-а),Не согласен(-а),Полностью не согласен(-а),Полностью согласен(-а),Согласен(-а),70
15.05.2023 11:27:17,Женский,,Студент,Полностью согласен(-а),Нейтрально,Полностью не согласен(-а),Нейтрально,Полностью согласен(-а),Нейтрально,Полностью не согласен(-а),Не согласен(-а),Не согласен(-а),Полностью согласен(-а),Согласен(-а),Нейтрально,Полностью согласен(-а),Нейтрально,Не согласен(-а),Полностью не согласен(-а),Полностью согласен(-а),Полностью не согласен(-а),17
15.05.2023 11:29:46,Мужской,,Работник,Согласен(-а),Согласен(-а),Нейтрально,Не согласен(-а),Нейтрально,Нейтрально,Не согласен(-а),Не согласен(-а),Не согласен(-а),Нейтрально,Нейтрально,Согласен(-а),Нейтрально,Нейтрально,Не согласен(-а),Не согласен(-а),Полностью согласен(-а),Нейтрально,19
15.05.2023 11:31:34,Женский,,Работник,Полностью не согласен(-а),Не согласен(-а),Полностью не согласен(-а),Не согласен(-а),Согласен(-а),Полностью не согласен(-а),Полностью не согласен(-а),Полностью не согласен(-а),Полностью не согласен(-а),Полностью не согласен(-а),Нейтрально,Не согласен(-а),Согласен(-а),Не согласен(-а),Не согласен(-а),Полностью не согласен(-а),Полностью не согласен(-а),Полностью не согласен(-а),23
15.05.2023 11:32:26,Женский,,Пенсионер,Не согласен(-а),Нейтрально,Не согласен(-а),Не согласен(-а),Не согласен(-а),Не согласен(-а),Полностью согласен(-а),Не согласен(-а),Нейтрально,Не согласен(-а),Нейтрально,Не согласен(-а),Не согласен(-а),Не согласен(-а),Не согласен(-а),Не согласен(-а),Не согласен(-а),Не согласен(-а),70 лет
15.05.2023 11:50:27,Женский,,Работник,Полностью не согласен(-а),Полностью не согласен(-а),Полностью не согласен(-а),Нейтрально,Полностью не согласен(-а),Полностью не согласен(-а),Полностью не согласен(-а),Полностью не согласен(-а),Полностью не согласен(-а),Полностью не согласен(-а),Полностью не согласен(-а),Полностью не согласен(-а),Полностью не согласен(-а),Не согласен(-а),Полностью не согласен(-а),Полностью не согласен(-а),Полностью не согласен(-а),Полностью не согласен(-а),40
15.05.2023 12:17:36,Женский,,Школьник,Полностью не согласен(-а),Полностью не согласен(-а),Не согласен(-а),Согласен(-а),Согласен(-а),Не согласен(-а),Не согласен(-а),Полностью не согласен(-а),Согласен(-а),Полностью не согласен(-а),Нейтрально,Согласен(-а),Полностью согласен(-а),Не согласен(-а),Согласен(-а),Не согласен(-а),Не согласен(-а),Не согласен(-а),17
15.05.2023 12:32:04,Женский,,Безработный,Не согласен(-а),Полностью не согласен(-а),Не согласен(-а),Согласен(-а),Нейтрально,Не согласен(-а),Полностью не согласен(-а),Полностью не согласен(-а),Не согласен(-а),Полностью не согласен(-а),Согласен(-а),Не согласен(-а),Согласен(-а),Нейтрально,Нейтрально,Полностью не согласен(-а),Полностью не согласен(-а),Не согласен(-а),42
15.05.2023 13:35:27,Мужской,,Работник,Полностью не согласен(-а),Полностью не согласен(-а),Полностью не согласен(-а),Согласен(-а),Согласен(-а),Нейтрально,Полностью не согласен(-а),Не согласен(-а),Полностью не согласен(-а),Полностью не согласен(-а),Согласен(-а),Согласен(-а),Не согласен(-а),Полностью не согласен(-а),Полностью не согласен(-а),Полностью не согласен(-а),Полностью не согласен(-а),Не согласен(-а),32
15.05.2023 13:37:07,Мужской,,Школьник,Полностью не согласен(-а),Нейтрально,Нейтрально,Согласен(-а),Нейтрально,Не согласен(-а),Нейтрально,Полностью не согласен(-а),Полностью не согласен(-а),Полностью не согласен(-а),Не согласен(-а),Полностью не согласен(-а),Нейтрально,Не согласен(-а),Полностью не согласен(-а),Полностью не согласен(-а),Полностью не согласен(-а),Нейтрально,18
15.05.2023 13:58:55,Мужской,,Работник,Полностью не согласен(-а),Не согласен(-а),Полностью не согласен(-а),Не согласен(-а),Полностью не согласен(-а),Не согласен(-а),Согласен(-а),Полностью не согласен(-а),Нейтрально,Полностью не согласен(-а),Полностью не согласен(-а),Нейтрально,Не согласен(-а),Согласен(-а),Нейтрально,Полностью не согласен(-а),Полностью не согласен(-а),Не согласен(-а),46
15.05.2023 15:04:05,Женский,,Студент,Полностью согласен(-а),Нейтрально,Полностью не согласен(-а),Нейтрально,Согласен(-а),Нейтрально,Согласен(-а),Полностью не согласен(-а),Не согласен(-а),Не согласен(-а),Согласен(-а),Согласен(-а),Согласен(-а),Не согласен(-а),Не согласен(-а),Полностью не согласен(-а),Полностью согласен(-а),Согласен(-а),20
15.05.2023 16:58:53,Женский,,Пенсионер,Полностью не согласен(-а),Нейтрально,Полностью не согласен(-а),Согласен(-а),Полностью не согласен(-а),Полностью не согласен(-а),Полностью не согласен(-а),Полностью не согласен(-а),Нейтрально,Полностью не согласен(-а),Не согласен(-а),Нейтрально,Полностью не согласен(-а),Не согласен(-а),Согласен(-а),Полностью не согласен(-а),Полностью не согласен(-а),Нейтрально,59
15.05.2023 17:00:50,Женский,,Пенсионер,Полностью не согласен(-а),Полностью не согласен(-а),Полностью не согласен(-а),Не согласен(-а),Полностью не согласен(-а),Полностью не согласен(-а),Полностью не согласен(-а),Полностью не согласен(-а),Полностью не согласен(-а),Полностью не согласен(-а),Полностью не согласен(-а),Полностью не согласен(-а),Полностью не согласен(-а),Не согласен(-а),Полностью не согласен(-а),Полностью не согласен(-а),Полностью не согласен(-а),Полностью согласен(-а),84
15.05.2023 18:08:06,Женский,,Студент,Полностью не согласен(-а),Полностью не согласен(-а),Полностью не согласен(-а),Нейтрально,Согласен(-а),Не согласен(-а),Нейтрально,Полностью не согласен(-а),Нейтрально,Полностью не согласен(-а),Согласен(-а),Не согласен(-а),Нейтрально,Не согласен(-а),Не согласен(-а),Полностью не согласен(-а),Полностью не согласен(-а),Нейтрально,19
15.05.2023 19:11:15,Мужской,,Школьник,Полностью не согласен(-а),Полностью не согласен(-а),Согласен(-а),Нейтрально,Нейтрально,Не согласен(-а),Не согласен(-а),Полностью не согласен(-а),Полностью не согласен(-а),Полностью не согласен(-а),Нейтрально,Полностью не согласен(-а),Не согласен(-а),Не согласен(-а),Нейтрально,Полностью не согласен(-а),Полностью не согласен(-а),Полностью не согласен(-а),15
15.05.2023 20:15:44,Женский,,Работник,Согласен(-а),Нейтрально,Не согласен(-а),Согласен(-а),Согласен(-а),Согласен(-а),Нейтрально,Не согласен(-а),Согласен(-а),Не согласен(-а),Полностью не согласен(-а),Согласен(-а),Согласен(-а),Не согласен(-а),Согласен(-а),Не согласен(-а),Нейтрально,Не согласен(-а),25
15.05.2023 20:44:22,Женский,,Студент,Нейтрально,Не согласен(-а),Полностью не согласен(-а),Нейтрально,Нейтрально,Не согласен(-а),Полностью не согласен(-а),Полностью не согласен(-а),Не согласен(-а),Не согласен(-а),Не согласен(-а),Согласен(-а),Нейтрально,Не согласен(-а),Нейтрально,Полностью не согласен(-а),Не согласен(-а),Нейтрально,22
15.05.2023 20:49:01,Мужской,,Работник,Полностью не согласен(-а),Полностью не согласен(-а),Нейтрально,Нейтрально,Нейтрально,Нейтрально,Согласен(-а),Не согласен(-а),Согласен(-а),Полностью не согласен(-а),Не согласен(-а),Не согласен(-а),Нейтрально,Нейтрально,Нейтрально,Нейтрально,Полностью не согласен(-а),Нейтрально,35
15.05.2023 21:30:29,Женский,,Работник,Полностью не согласен(-а),Не согласен(-а),Полностью не согласен(-а),Нейтрально,Не согласен(-а),Полностью не согласен(-а),Полностью не согласен(-а),Не согласен(-а),Нейтрально,Полностью не согласен(-а),Не согласен(-а),Не согласен(-а),Не согласен(-а),Нейтрально,Не согласен(-а),Не согласен(-а),Полностью не согласен(-а),Не согласен(-а),58
16.05.2023 0:28:43,Женский,,Студент,Полностью согласен(-а),Согласен(-а),Нейтрально,Не согласен(-а),Согласен(-а),Согласен(-а),Согласен(-а),Полностью не согласен(-а),Не согласен(-а),Согласен(-а),Согласен(-а),Согласен(-а),Полностью согласен(-а),Не согласен(-а),Полностью не согласен(-а),Полностью не согласен(-а),Согласен(-а),Не согласен(-а),22
16.05.2023 7:59:04,Женский,,Безработный,Полностью не согласен(-а),Полностью не согласен(-а),Не согласен(-а),Согласен(-а),Нейтрально,Не согласен(-а),Не согласен(-а),Полностью не согласен(-а),Не согласен(-а),Полностью не согласен(-а),Не согласен(-а),Не согласен(-а),Не согласен(-а),Согласен(-а),Согласен(-а),Согласен(-а),Не согласен(-а),Не согласен(-а),47
16.05.2023 13:25:20,Мужской,,Работник,Не согласен(-а),Согласен(-а),Полностью не согласен(-а),Согласен(-а),Согласен(-а),Полностью не согласен(-а),Полностью не согласен(-а),Не согласен(-а),Нейтрально,Не согласен(-а),Нейтрально,Согласен(-а),Согласен(-а),Не согласен(-а),Нейтрально,Полностью не согласен(-а),Не согласен(-а),Не согласен(-а),43
16.05.2023 17:35:35,Женский,,Школьник,Полностью не согласен(-а),Полностью не согласен(-а),Согласен(-а),Не согласен(-а),Полностью не согласен(-а),Полностью не согласен(-а),Не согласен(-а),Полностью не согласен(-а),Согласен(-а),Полностью не согласен(-а),Полностью не согласен(-а),Полностью не согласен(-а),Полностью не согласен(-а),Не согласен(-а),Полностью не согласен(-а),Полностью не согласен(-а),Не согласен(-а),Согласен(-а),10
16.05.2023 17:38:38,Женский,,Школьник,Полностью не согласен(-а),Полностью не согласен(-а),Полностью не согласен(-а),Полностью не согласен(-а),Полностью не согласен(-а),Нейтрально,Полностью не согласен(-а),Полностью не согласен(-а),Согласен(-а),Полностью не согласен(-а),Полностью не согласен(-а),Согласен(-а),Полностью не согласен(-а),Полностью не согласен(-а),Полностью не согласен(-а),Полностью не согласен(-а),Полностью не согласен(-а),Полностью не согласен(-а),10
16.05.2023 18:21:21,Мужской,,Работник,Полностью согласен(-а),Согласен(-а),Полностью не согласен(-а),Полностью не согласен(-а),Нейтрально,Нейтрально,Не согласен(-а),Нейтрально,Не согласен(-а),Согласен(-а),Не согласен(-а),Нейтрально,Полностью не согласен(-а),Нейтрально,Полностью не согласен(-а),Полностью не согласен(-а),Полностью согласен(-а),Нейтрально,46
17.05.2023 3:16:02,Женский,,Пенсионер,Полностью не согласен(-а),Не согласен(-а),Не согласен(-а),Согласен(-а),Не согласен(-а),Не согласен(-а),Не согласен(-а),Не согласен(-а),Не согласен(-а),Не согласен(-а),Не согласен(-а),Согласен(-а),Не согласен(-а),Не согласен(-а),Полностью не согласен(-а),Полностью не согласен(-а),Не согласен(-а),Полностью не согласен(-а),52лет
17.05.2023 3:28:12,Мужской,,Работник,Полностью согласен(-а),Полностью согласен(-а),Нейтрально,Согласен(-а),Не согласен(-а),Полностью не согласен(-а),Полностью не согласен(-а),Не согласен(-а),Полностью не согласен(-а),Не согласен(-а),Не согласен(-а),Полностью не согласен(-а),Не согласен(-а),Нейтрально,Не согласен(-а),Полностью не согласен(-а),Согласен(-а),Не согласен(-а),53 лет
18.05.2023 15:24:13,Женский,,Студент,Не согласен(-а),Нейтрально,Согласен(-а),Согласен(-а),Согласен(-а),Не согласен(-а),Согласен(-а),Не согласен(-а),Не согласен(-а),Не согласен(-а),Нейтрально,Согласен(-а),Согласен(-а),Не согласен(-а),Согласен(-а),Согласен(-а),Не согласен(-а),Согласен(-а),19
18.05.2023 15:24:19,Мужской,,Студент,Не согласен(-а),Не согласен(-а),Не согласен(-а),Не согласен(-а),Согласен(-а),Не согласен(-а),Не согласен(-а),Не согласен(-а),Не согласен(-а),Не согласен(-а),Согласен(-а),Не согласен(-а),Нейтрально,Не согласен(-а),Не согласен(-а),Полностью не согласен(-а),Полностью не согласен(-а),Нейтрально,23
18.05.2023 15:24:39,Женский,,Студент,Согласен(-а),Нейтрально,Не согласен(-а),Не согласен(-а),Нейтрально,Не согласен(-а),Полностью не согласен(-а),Не согласен(-а),Не согласен(-а),Нейтрально,Согласен(-а),Нейтрально,Согласен(-а),Не согласен(-а),Не согласен(-а),Полностью не согласен(-а),Согласен(-а),Нейтрально,20
18.05.2023 15:24:54,Женский,,Студент,Полностью не согласен(-а),Нейтрально,Не согласен(-а),Нейтрально,Согласен(-а),Нейтрально,Полностью согласен(-а),Полностью не согласен(-а),Нейтрально,Полностью не согласен(-а),Нейтрально,Нейтрально,Полностью согласен(-а),Не согласен(-а),Нейтрально,Полностью не согласен(-а),Полностью не согласен(-а),Нейтрально,18
18.05.2023 15:24:54,Женский,,Студент,Полностью согласен(-а),Нейтрально,Не согласен(-а),Нейтрально,Согласен(-а),Согласен(-а),Не согласен(-а),Полностью не согласен(-а),Не согласен(-а),Согласен(-а),Не согласен(-а),Нейтрально,Согласен(-а),Не согласен(-а),Нейтрально,Не согласен(-а),Полностью согласен(-а),Нейтрально,17
18.05.2023 15:24:55,Женский,,Студент,Полностью не согласен(-а),Полностью не согласен(-а),Полностью не согласен(-а),Не согласен(-а),Нейтрально,Полностью не согласен(-а),Полностью не согласен(-а),Полностью не согласен(-а),Не согласен(-а),Полностью не согласен(-а),Полностью не согласен(-а),Полностью не согласен(-а),Не согласен(-а),Полностью не согласен(-а),Полностью не согласен(-а),Полностью не согласен(-а),Полностью не согласен(-а),Полностью не согласен(-а),19
18.05.2023 15:26:57,Женский,,Студент,Полностью не согласен(-а),Полностью не согласен(-а),Полностью не согласен(-а),Согласен(-а),Нейтрально,Полностью не согласен(-а),Полностью не согласен(-а),Полностью не согласен(-а),Полностью согласен(-а),Полностью не согласен(-а),Полностью не согласен(-а),Полностью не согласен(-а),Согласен(-а),Полностью не согласен(-а),Согласен(-а),Полностью не согласен(-а),Полностью не согласен(-а),Нейтрально,20
18.05.2023 15:27:49,Мужской,,Студент,Полностью не согласен(-а),Полностью не согласен(-а),Нейтрально,Нейтрально,Согласен(-а),Не согласен(-а),Нейтрально,Полностью не согласен(-а),Не согласен(-а),Полностью не согласен(-а),Не согласен(-а),Не согласен(-а),Нейтрально,Полностью не согласен(-а),Не согласен(-а),Не согласен(-а),Полностью не согласен(-а),Полностью не согласен(-а),21
18.05.2023 15:28:57,Женский,,Студент,Полностью не согласен(-а),Не согласен(-а),Полностью не согласен(-а),Полностью не согласен(-а),Полностью не согласен(-а),Полностью не согласен(-а),Полностью не согласен(-а),Полностью не согласен(-а),Полностью не согласен(-а),Полностью не согласен(-а),Полностью не согласен(-а),Полностью не согласен(-а),Полностью не согласен(-а),Не согласен(-а),Полностью не согласен(-а),Полностью не согласен(-а),Полностью не согласен(-а),Не согласен(-а),19
18.05.2023 15:33:49,Женский,,Студент,Нейтрально,Нейтрально,Нейтрально,Не согласен(-а),Полностью согласен(-а),Не согласен(-а),Не согласен(-а),Нейтрально,Не согласен(-а),Не согласен(-а),Согласен(-а),Полностью не согласен(-а),Полностью согласен(-а),Нейтрально,Полностью не согласен(-а),Согласен(-а),Полностью не согласен(-а),Полностью согласен(-а),19
18.05.2023 15:35:55,Женский,,Студент,Согласен(-а),Нейтрально,Полностью не согласен(-а),Согласен(-а),Согласен(-а),Согласен(-а),Полностью не согласен(-а),Не согласен(-а),Согласен(-а),Согласен(-а),Нейтрально,Не согласен(-а),Согласен(-а),Нейтрально,Согласен(-а),Полностью не согласен(-а),Согласен(-а),Согласен(-а),18
18.05.2023 15:37:43,Женский,,Студент,Полностью не согласен(-а),Не согласен(-а),Нейтрально,Нейтрально,Согласен(-а),Согласен(-а),Согласен(-а),Полностью не согласен(-а),Согласен(-а),Согласен(-а),Нейтрально,Полностью согласен(-а),Полностью согласен(-а),Не согласен(-а),Не согласен(-а),Полностью не согласен(-а),Полностью согласен(-а),Согласен(-а),19
18.05.2023 15:41:18,Женский,,Студент,Согласен(-а),Полностью согласен(-а),Полностью не согласен(-а),Нейтрально,Согласен(-а),Полностью согласен(-а),Полностью не согласен(-а),Полностью согласен(-а),Полностью не согласен(-а),Согласен(-а),Согласен(-а),Полностью согласен(-а),Полностью согласен(-а),Полностью согласен(-а),Полностью не согласен(-а),Полностью не согласен(-а),Полностью согласен(-а),Нейтрально,21
18.05.2023 15:44:46,Женский,,Студент,Не согласен(-а),Не согласен(-а),Полностью не согласен(-а),Не согласен(-а),Согласен(-а),Не согласен(-а),Согласен(-а),Полностью не согласен(-а),Не согласен(-а),Полностью не согласен(-а),Согласен(-а),Согласен(-а),Полностью согласен(-а),Полностью не согласен(-а),Не согласен(-а),Полностью не согласен(-а),Не согласен(-а),Согласен(-а),21
18.05.2023 15:44:59,Мужской,,Студент,Согласен(-а),Не согласен(-а),Не согласен(-а),Не согласен(-а),Не согласен(-а),Полностью не согласен(-а),Полностью не согласен(-а),Не согласен(-а),Не согласен(-а),Нейтрально,Не согласен(-а),Согласен(-а),Не согласен(-а),Не согласен(-а),Не согласен(-а),Полностью не согласен(-а),Согласен(-а),Не согласен(-а),19
18.05.2023 15:45:23,Женский,,Студент,Нейтрально,Не согласен(-а),Полностью не согласен(-а),Не согласен(-а),Согласен(-а),Нейтрально,Полностью не согласен(-а),Не согласен(-а),Не согласен(-а),Не согласен(-а),Полностью согласен(-а),Не согласен(-а),Полностью согласен(-а),Не согласен(-а),Не согласен(-а),Полностью не согласен(-а),Полностью не согласен(-а),Нейтрально,19
18.05.2023 15:46:08,Мужской,,Студент,Не согласен(-а),Не согласен(-а),Согласен(-а),Согласен(-а),Полностью согласен(-а),Согласен(-а),Согласен(-а),Полностью не согласен(-а),Согласен(-а),Не согласен(-а),Полностью согласен(-а),Согласен(-а),Согласен(-а),Не согласен(-а),Согласен(-а),Не согласен(-а),Полностью не согласен(-а),Не согласен(-а),23
18.05.2023 15:49:13,Мужской,,Студент,Полностью не согласен(-а),Не согласен(-а),Не согласен(-а),Согласен(-а),Полностью согласен(-а),Согласен(-а),Не согласен(-а),Полностью не согласен(-а),Полностью не согласен(-а),Полностью не согласен(-а),Полностью согласен(-а),Согласен(-а),Не согласен(-а),Не согласен(-а),Полностью не согласен(-а),Нейтрально,Полностью согласен(-а),Согласен(-а),20
18.05.2023 15:49:34,Женский,,Студент,Полностью не согласен(-а),Полностью не согласен(-а),Полностью не согласен(-а),Полностью не согласен(-а),Согласен(-а),Полностью не согласен(-а),Полностью не согласен(-а),Полностью не согласен(-а),Полностью не согласен(-а),Полностью не согласен(-а),Нейтрально,Полностью не согласен(-а),Полностью согласен(-а),Полностью не согласен(-а),Полностью не согласен(-а),Полностью не согласен(-а),Полностью не согласен(-а),Полностью не согласен(-а),23
18.05.2023 15:49:58,Женский,,Студент,Полностью не согласен(-а),Полностью не согласен(-а),Полностью не согласен(-а),Не согласен(-а),Согласен(-а),Полностью не согласен(-а),Не согласен(-а),Полностью не согласен(-а),Не согласен(-а),Полностью не согласен(-а),Не согласен(-а),Не согласен(-а),Согласен(-а),Полностью не согласен(-а),Нейтрально,Полностью не согласен(-а),Полностью не согласен(-а),Нейтрально,18
18.05.2023 15:52:25,Мужской,,Работник,Нейтрально,Согласен(-а),Полностью не согласен(-а),Не согласен(-а),Согласен(-а),Не согласен(-а),Полностью не согласен(-а),Не согласен(-а),Не согласен(-а),Не согласен(-а),Согласен(-а),Согласен(-а),Согласен(-а),Нейтрально,Не согласен(-а),Не согласен(-а),Не согласен(-а),Не согласен(-а),23
18.05.2023 15:56:38,Мужской,,Студент,Полностью не согласен(-а),Полностью не согласен(-а),Нейтрально,Согласен(-а),Согласен(-а),Не согласен(-а),Полностью не согласен(-а),Полностью не согласен(-а),Не согласен(-а),Полностью не согласен(-а),Нейтрально,Нейтрально,Согласен(-а),Нейтрально,Нейтрально,Полностью не согласен(-а),Полностью не согласен(-а),Не согласен(-а),18
18.05.2023 16:06:00,Женский,,Студент,Полностью согласен(-а),Полностью не согласен(-а),Полностью согласен(-а),Полностью согласен(-а),Полностью согласен(-а),Полностью согласен(-а),Полностью согласен(-а),Не согласен(-а),Полностью согласен(-а),Полностью согласен(-а),Нейтрально,Полностью согласен(-а),Полностью согласен(-а),Нейтрально,Полностью согласен(-а),Нейтрально,Полностью согласен(-а),Нейтрально,18
18.05.2023 16:07:57,Мужской,,Студент,Полностью не согласен(-а),Полностью не согласен(-а),Нейтрально,Согласен(-а),Полностью согласен(-а),Нейтрально,Нейтрально,Полностью не согласен(-а),Полностью не согласен(-а),Полностью не согласен(-а),Не согласен(-а),Нейтрально,Согласен(-а),Полностью не согласен(-а),Полностью не согласен(-а),Не согласен(-а),Полностью не согласен(-а),Не согласен(-а),я щ
18.05.2023 16:09:23,Мужской,,Студент,Полностью согласен(-а),Не согласен(-а),Полностью не согласен(-а),Нейтрально,Согласен(-а),Нейтрально,Полностью не согласен(-а),Не согласен(-а),Не согласен(-а),Согласен(-а),Согласен(-а),Нейтрально,Полностью согласен(-а),Не согласен(-а),Не согласен(-а),Полностью не согласен(-а),Полностью согласен(-а),Согласен(-а),20
18.05.2023 16:17:01,Женский,,Студент,Полностью не согласен(-а),Полностью не согласен(-а),Полностью не согласен(-а),Полностью не согласен(-а),Полностью не согласен(-а),Полностью не согласен(-а),Полностью не согласен(-а),Полностью не согласен(-а),Полностью не согласен(-а),Полностью не согласен(-а),Полностью не согласен(-а),Полностью не согласен(-а),Полностью не согласен(-а),Полностью не согласен(-а),Нейтрально,Полностью согласен(-а),Полностью не согласен(-а),Полностью не согласен(-а),22
18.05.2023 18:44:41,Женский,,Студент,Полностью не согласен(-а),Полностью не согласен(-а),Полностью не согласен(-а),Не согласен(-а),Не согласен(-а),Не согласен(-а),Нейтрально,Полностью не согласен(-а),Нейтрально,Полностью не согласен(-а),Согласен(-а),Согласен(-а),Нейтрально,Не согласен(-а),Не согласен(-а),Согласен(-а),Полностью не согласен(-а),Не согласен(-а),18
18.05.2023 20:17:27,Женский,,Работник,Согласен(-а),Согласен(-а),Полностью не согласен(-а),Не согласен(-а),Не согласен(-а),Согласен(-а),Полностью не согласен(-а),Согласен(-а),Согласен(-а),Не согласен(-а),Не согласен(-а),Согласен(-а),Не согласен(-а),Согласен(-а),Не согласен(-а),Не согласен(-а),Согласен(-а),Согласен(-а),45
20.05.2023 2:35:56,Женский,,Студент,Полностью не согласен(-а),Полностью не согласен(-а),Полностью не согласен(-а),Полностью согласен(-а),Согласен(-а),Нейтрально,Не согласен(-а),Полностью не согласен(-а),Полностью согласен(-а),Полностью не согласен(-а),Полностью согласен(-а),Полностью согласен(-а),Полностью согласен(-а),Полностью не согласен(-а),Полностью согласен(-а),Полностью не согласен(-а),Полностью не согласен(-а),Не согласен(-а),19